metric,numSegsComparison,totdistComparison,maxdispComparison
KLdiv,0.561117584772978,0.973537184696285,4.01311287243381
overlapFrac,0.858079044862305,0.788098849598361,0.700018427518428
