metric,numSegsComparison,totdistComparison,maxdispComparison
KLdiv,0.891098029896558,0.960387519151066,2.91058726292949
overlapFrac,0.827651339387645,0.797492641792268,0.753442997542997
