metric,numSegsComparison,totdistComparison,maxdispComparison
KLdiv,1.36584985345767,1.15122600604901,2.4666093043711
overlapFrac,0.78227567006209,0.768730359416775,0.773842997542997
