metric,numSegsComparison,totdistComparison,maxdispComparison
KLdiv,2.39727230681611,1.87155301077914,2.12153359270063
overlapFrac,0.725144657154015,0.710719093444545,0.792467321867322
