metric,numSegsComparison,totdistComparison,maxdispComparison
KLdiv,0.642811314624742,0.910622190540109,3.43737851277438
overlapFrac,0.848649564339954,0.80547129372858,0.720542997542997
