metric,numSegsComparison,totdistComparison,maxdispComparison
KLdiv,0.687137676667425,0.903411752143577,3.07676729648505
overlapFrac,0.840871762011033,0.795537568805996,0.741442997542998
