metric,numSegsComparison,totdistComparison,maxdispComparison
KLdiv,0.585299935663189,0.934835842993736,3.77099034783792
overlapFrac,0.854785631688652,0.805041947610151,0.710242997542997
