metric,numSegsComparison,totdistComparison,maxdispComparison
KLdiv,0.726062599236532,1.14551786870928,4.61046030198326
overlapFrac,0.822128436853231,0.765114355349254,0.652240294840295
